Day, Bill Amount
1, 525.000000
2, 477.750000

1, 986.012939
